{
    "apple": {
        "AppDir": [
            -0.9817485809326172,
            0.178152933716774,
            0.06656892597675323
        ],
        "Mean_gripper": [
            1.0419990867376327e-06,
            -2.3085135035216808e-06,
            4.1269006207585336e-05
        ],
        "estimatedPose": [
            -0.6769378875224518,
            0.7328109980362199,
            -0.0688704406389291,
            -0.14030518401680667,
            -0.3835720910025586,
            -0.2713655509579744,
            0.8827418585051917,
            -0.018228711718034276,
            0.6281938772708356,
            0.623978187848289,
            0.464783469638282,
            0.7103428200122687,
            0.0,
            0.0,
            0.0,
            1.0
        ]
    },
    "power_drill": {
        "AppDir": [
            0.49660515785217285,
            -0.7231669425964355,
            -0.48001348972320557
        ],
        "Mean_gripper": [
            -0.00010754063725471497,
            7.838012278079987e-05,
            2.2332378197461367e-05
        ],
        "estimatedPose": [
            -0.8829614776056872,
            -0.08965063085340151,
            0.4608055918193367,
            0.11882322941475917,
            0.04465796506685159,
            -0.9931847281534972,
            -0.1076557565518523,
            -0.03975524055858187,
            0.46731648293257316,
            -0.07447724585570377,
            0.8809474698466868,
            0.7338409564117885,
            0.0,
            0.0,
            0.0,
            1.0
        ]
    }
}
