{
    "Soda": {
        "AppDir": [
            -0.23278437554836273,
            -0.7104644179344177,
            0.6641173362731934
        ],
        "Mean_gripper": [
            -0.013561501167714596,
            0.006028998643159866,
            0.028927999548614025
        ],
        "estimatedPose": [
            0.6284360567825156,
            0.0132941896550036,
            -0.7777476371272749,
            -0.006646455214765695,
            0.09827709874367536,
            -0.9931987390746416,
            0.06243297656741886,
            -0.021305331076261237,
            -0.7716279766818779,
            -0.1156699149388413,
            -0.6254684135748765,
            0.7459882989016176,
            0.0,
            0.0,
            0.0,
            1.0
        ]
    },
    "apple": {
        "AppDir": [
            -0.1645362675189972,
            0.9859779477119446,
            0.027843864634633064
        ],
        "Mean_gripper": [
            -0.012736973352730274,
            -0.006129593588411808,
            0.044563377276062965
        ],
        "estimatedPose": [
            -0.38047706429930767,
            0.9218794393660887,
            0.07331782059122235,
            -0.0015068963286496598,
            0.9077405508842578,
            0.3571335685158441,
            0.22014246868671963,
            0.003911171921747894,
            0.17676056071003216,
            0.1503127190666347,
            -0.9727084818506879,
            0.790181394481857,
            0.0,
            0.0,
            0.0,
            1.0
        ]
    },
    "power_drill": {
        "AppDir": [
            -0.06160363927483559,
            -0.5424171686172485,
            -0.8378476500511169
        ],
        "Mean_gripper": [
            0.005236507626250386,
            0.07770000398159027,
            0.020193984208162874
        ],
        "estimatedPose": [
            0.09285602526582382,
            -0.9906747768055796,
            -0.09970579307667327,
            0.08427430160027277,
            0.984798014154176,
            0.10614383012918006,
            -0.1375003950667032,
            0.004745036961290182,
            0.1468013279566107,
            -0.0854223268632005,
            0.9854706470430523,
            0.7299805141379334,
            0.0,
            0.0,
            0.0,
            1.0
        ]
    }
}
